delete from majorkind;
insert into majorkind(id,code,title)values
(1000,1000,N'مهندسی کامپیوتر'),
(1001,1001,N'مهندسی صنایع'),
(1002,1002,N'مهندسی برق'),
(1003,1003,N'مهندسی شیمی');

delete from teacherdepartment;
insert into teacherdepartment(id,code,title) values
(1000,1000,N'مهندسی کامپیوتر - هوش مصنوعی'),
(1001,1001,N'مهندسی کامپیوتر - نرم افزار'),
(1002,1002,N'مهندسی کامپیوتر - شبکه‌های کامپیوتری'),
(1003,1003,N'مهندسی صنایع - مالی'),
(1004,1004,N'مهندسی برق - قدرت'),
(1005,1005,N'مهندسی شیمی - پالایش'),
(1006,1006,N'مهندسی شیمی - پتروشیمی');

delete from teacherlevel;
insert into teacherlevel(id,code,title) 
values(1000,1000,N'استاد'),
	  (1001,1001,N'استادیار'),
      (1002,1002,N'دانش یار');
      
insert into users(national_code,name_fa,name_en,father_name,birth_date,mobile)values
('1696528178',N'حمید-اعلم',N'hamid-Alam',N'شيخمراد',N'1374/04/20',N'09365910930'),
('9314560254',N'مهدی-نوری',N'mahdi-Noori',N'محمدحسن',N'1374/04/24',N'09974409571'),
('7572394244',N'احمد-مقدسی',N'ahmad-Moghadasi',N'سیدخلیل',N'1374/03/20',N'09097785414'),
('8580902696',N'وحید-رستمی',N'vahid-Rostami',N'محمد',N'1374/06/20',N'09023833390'),
('4393208125',N'حامد-مظلومی',N'hamed-Mazloomi',N'موسي',N'1374/07/03',N'09077923302'),
('3894796555',N'حسین-عبادی',N'hosein-Ebadi',N'قوچعلي',N'1374/08/06',N'09934359183'),
('5108782929',N'محسن-شجراوی',N'mohsen-Shajravi',N'عباس',N'1374/06/15',N'09331362564'),
('4398140858',N'احمد-رهبر',N'ahmad-Rahbar',N'ابراهيم',N'1374/07/01',N'09083069699'),
('4607300749',N'سعید-فخاری',N'saeid-Fakhari',N'مسلم',N'1374/03/01',N'09378961174'),
('8453259948',N'احمد-ریگی',N'ahmad-Rigi',N'عیدمحمد',N'1374/04/03',N'09188577673'),
('8417501701',N'عباس-کاربخش',N'abbas-Karbakhsh',N'حسن',N'1374/08/01',N'09934016793'),
('5165067811',N'محسن-یزدانی',N'mohsen-Yazdani',N'نظرعلي',N'1374/06/01',N'09043353987'),
('3273452275',N'سعید-نادری',N'saeid-Naderi',N'طوغان',N'1374/06/21',N'09956476676'),
('9804039716',N'محمدرضا-سلیمانی',N'mohammadreza-Soleimani',N'غلامحسين',N'1374/08/01',N'09974222075'),
('1670072205',N'رضا-كهزاد',N'reza-Kahzad',N'عليبابا',N'1374/09/08',N'09129929838'),
('6157494803',N'حسین-حیدری',N'hosein-Heidary',N'ماندهعلي',N'1374/12/10',N'09045749965'),
('8186549772',N'علی-حمیدیان',N'ali-Hamidiyan',N'زینالعابدین',N'1374/09/04',N'09337593133'),
('7800437364',N'حسین-قنبری',N'hosein-Ghanbari',N'يداله',N'1374/12/07',N'09338530670'),
('2243110868',N'علیرضا-ناصریان',N'alireza-Naserian',N'تيمور',N'1374/09/07',N'09990630056'),
('3405530731',N'سعید-جوهر',N'saeid-Johar',N'فرهاد',N'1374/12/01',N'09338156068'),
('7844087533',N'محمد-سنگرزاده',N'mohammad-Sangarzadeh',N'نورمحمد',N'1374/07/12',N'09111269156'),
('3124914491',N'حسن-قلعهخانی',N'hasan-Ghalekhani',N'نبياله',N'1374/03/01',N'09066999109'),
('2744740129',N'محسن-اسلامی',N'mohsen-Eslami',N'براتعلی',N'1374/10/18',N'09971357179'),
('4066435866',N'مهدی-سلمانپور',N'mahdi-Salmanpour',N'حمزهعلي',N'1374/08/01',N'09129188013'),
('6178468898',N'حسن-عسکرزاده',N'hasan-Askarzadeh',N'رضا',N'1374/05/01',N'09052414745'),
('2889059671',N'حسین-رحیمی',N'hosein-Rahimi',N'رحيم',N'1374/06/07',N'09036084386'),
('1422722578',N'جواد-خادمی',N'javad-Khademi',N'محمدصادق',N'1374/02/20',N'09948247653'),
('8683570122',N'محمد-نجمی',N'mohammad-Najmi',N'محمدعلي',N'1374/09/19',N'09911276958'),
('1996537786',N'محسن-شاهحسینی',N'mohsen-Shahhosseini',N'نمام',N'1374/12/12',N'09166809527'),
('5632586884',N'محمد-فتحی',N'mohammad-Fathi',N'شهابالدين',N'1374/09/16',N'09187789246'),
('5900661576',N'مهدی-صیادی',N'mahdi-Sayadi',N'حسين',N'1374/03/09',N'09954358890'),
('1398159943',N'مجید-شمسآبادی',N'majid-Shamsabadi',N'بايرامعلي',N'1374/07/01',N'09999224636'),
('7912849251',N'رضا-مختارپور',N'reza-Mukhtarpour',N'غلامرضا',N'1374/06/02',N'09933261978'),
('6423500837',N'رضا-پاكفطرت',N'reza-Pakfetrat',N'علياكبر',N'1374/02/01',N'09972361220'),
('5718970544',N'علیرضا-كرامتپور',N'alireza-Kerampour',N'محمد',N'1374/09/16',N'09967436736'),
('7098350928',N'محسن-رضایی',N'mohsen-Rezaei',N'كريم',N'1374/05/01',N'09376859848'),
('8204575138',N'علی-فردوسپور',N'ali-Ferdowspour',N'سیدحسین',N'1374/01/02',N'09921722286'),
('6674691878',N'امین-بریهی',N'amin-Barihi',N'محمد',N'1374/07/01',N'09953808828'),
('9729840267',N'علیرضا-قنبری',N'alireza-Ghanbari',N'گودرز',N'1374/08/02',N'09075845707'),
('6486443272',N'علی-رحمانی',N'ali-Rahmani',N'محمود',N'1374/01/02',N'09037225652'),
('5561372010',N'علی-عبدالخانی',N'ali-Abdolkhani',N'صفرعلي',N'1374/06/10',N'09954967361'),
('9979149227',N'علی-حسنوند',N'ali-Hasanvand',N'اسداله',N'1374/01/29',N'09316867728'),
('2371877843',N'محمد-زنگنه',N'mohammad-Zanganeh',N'يداله',N'1374/11/01',N'09999431462'),
('6207876009',N'جواد-قدرت',N'javad-Ghodrat',N'علي',N'1374/06/30',N'09144091070'),
('8809363872',N'احمد-رباط',N'ahmad-Robat',N'مرتضي',N'1374/03/01',N'09950558922'),
('6924387793',N'مجید-فضلی',N'majid-Fazli',N'مهدي',N'1374/10/10',N'09934980625'),
('9137834853',N'علی-ریوندی',N'ali-Reyvandi',N'براتعلي',N'1374/03/01',N'09935751111'),
('3825395822',N'حسن-چانوری',N'hasan-Chanvari',N'حسنقلي',N'1374/11/15',N'09378264722'),
('3130293946',N'حمید-مهجور',N'hamid-Mahjoor',N'محمدعلي',N'1374/01/02',N'09131138718'),
('6727665627',N'جواد-سلیمی',N'javad-Salimi',N'صالح',N'1374/06/01',N'09070229660'),
('9190281708',N'علیرضا-کرونی',N'alireza-Carony',N'ابراهيم',N'1374/01/02',N'09933090187'),
('3863438162',N'جواد-محمدی',N'javad-Mohammadi',N'عربعلي',N'1374/02/23',N'09063615006'),
('8412703326',N'مهدی-منگلی',N'mahdi-Mangali',N'خسرو',N'1374/09/01',N'09312419080'),
('2413823565',N'رضا-بختیاری',N'reza-Bakhtiari',N'مهدي',N'1374/12/01',N'09963616683'),
('2771767191',N'محمد-همایونفرد',N'mohammad-Homayounfard',N'حسين',N'1374/12/13',N'09925098885'),
('4704940353',N'داود-کیانی',N'davod-Kiyani',N'خيراله',N'1374/10/13',N'09322472518'),
('9750294605',N'احمد-رکنی',N'ahmad-Rokni',N'الهويردي',N'1374/03/22',N'09983568639'),
('3266721217',N'مهدی-عبدیزدان',N'mahdi-Abdeyazdan',N'غلامعلي',N'1374/02/25',N'09317285227'),
('3557077128',N'حمید-حسنزاده',N'hamid-Hassanzadeh',N'محمود',N'1374/06/15',N'09049709006'),
('5607472888',N'محمد-مشهدی',N'mohammad-Mashhadi',N'ابراهيم',N'1374/06/30',N'09358672952'),
('6384141134',N'علیرضا-اباذری',N'alireza-Abazari',N'موسي',N'1374/08/29',N'09967732004'),
('8066356210',N'محمد-محمدی',N'mohammad-Mohammadi',N'اكبر',N'1374/12/05',N'09989566192'),
('3326878757',N'حسین-مرادی',N'hosein-Moradi',N'غلامحسين',N'1374/02/16',N'09952151932'),
('6576538647',N'جواد-آرونی',N'javad-Aroni',N'حسن',N'1374/02/14',N'09971253686'),
('8275492166',N'احمد-سیفزاده',N'ahmad-Seifzadeh',N'اكبر',N'1374/06/30',N'09077811190'),
('8186411273',N'رضا-قاسمی',N'reza-Ghasemi',N'فيروز',N'1374/12/10',N'09179117262'),
('7931968268',N'حسین-یزدانی',N'hosein-Yazdani',N'نجفعلي',N'1374/06/01',N'09938912513'),
('4792587094',N'محمد-هراتی',N'mohammad-Harati',N'نظر',N'1374/10/14',N'09947963426'),
('6287979473',N'مجید-هاشمی',N'majid-Hashemi',N'غلام',N'1374/08/15',N'09949061537'),
('9169579526',N'سجاد-ترکاشوند',N'sajjad-Torkashvand',N'علي',N'1374/08/15',N'09074450716'),
('1808853991',N'علیرضا-میری',N'alireza-Miri',N'علي',N'1374/06/09',N'09978746050'),
('3565817676',N'علی-هاشمی',N'ali-Hashemi',N'قربانعلي',N'1374/08/08',N'09330636041'),
('9471257997',N'علی-سلیمانی',N'ali-Soleimani',N'محمد',N'1374/06/23',N'09111603887'),
('5210380003',N'حمید-حیدری',N'hamid-Heydari',N'محمود',N'1374/06/02',N'09990039348'),
('8018258632',N'حسن-ربیعیان',N'hasan-Rabieian',N'قربانمحمد',N'1374/12/19',N'09938704315'),
('3955934714',N'مهدی-علیاکبری',N'mahdi-Aliakbari',N'عظیم',N'1374/07/12',N'09936745508'),
('2798012329',N'علی-حبیبی',N'ali-Habibi',N'محرمعلي',N'1374/02/01',N'09967381544'),
('1345683898',N'جواد-حاجیحسینی',N'javad-Hajihoseini',N'محمود',N'1374/12/20',N'09135229623'),
('7379366511',N'مهدی-صالحیراد',N'mahdi-Salehirad',N'فضلعلی',N'1374/05/17',N'09936272686'),
('4801615804',N'عباس-محمودی',N'abbas-Mahmoodi',N'سلطانعلي',N'1374/12/01',N'09350559804'),
('2918170088',N'محمدرضا-عربی',N'mohammadreza-Arabi',N'اسداله',N'1374/10/02',N'09947322136'),
('9494985220',N'محمدرضا-خادم',N'mohammadreza-Khadem',N'محمدحسين',N'1374/02/26',N'09948123057'),
('2833532597',N'حسین-رنگآور',N'hosein-Rangavar',N'غلامحيدر',N'1374/11/20',N'09358742865'),
('2376967494',N'محمد-پاشازاده',N'mohammad-Pashazadeh',N'رضا',N'1374/02/11',N'09983283747'),
('4554014912',N'حسین-كرمی',N'hosein-Karami',N'محمد',N'1374/09/03',N'09083556307'),
('4614900789',N'داود-شراهی',N'davod-Sharahi',N'شهريار',N'1374/06/25',N'09131005237'),
('6682796319',N'رضا-بیدخوری',N'reza-Bidkhori',N'حجت',N'1374/12/20',N'09014150099'),
('4650210511',N'حامد-تقوی',N'hamed-Taghavi',N'علی',N'1374/06/01',N'09917575418'),
('9254836356',N'محمد-جعفری',N'mohammad-Jafari',N'محمد',N'1374/01/03',N'09972924989'),
('1885502950',N'حسن-خوشخلق',N'hasan-Khoshkholgh',N'يوسف',N'1374/06/28',N'09996028479');

insert into student(majorid,userid,student_no)values
(1000,1,N'9231001'),
(1000,2,N'9231029'),
(1000,3,N'9231025'),
(1000,4,N'9231008'),
(1000,5,N'9231024'),
(1000,6,N'9231016'),
(1000,7,N'9231015'),
(1000,8,N'9231009'),
(1000,9,N'9231018'),
(1000,10,N'9231010'),
(1000,11,N'9231023'),
(1000,12,N'9231030'),
(1000,13,N'9231027'),
(1000,14,N'9231013'),
(1000,15,N'9231022'),
(1000,16,N'9231006'),
(1000,17,N'9231005'),
(1000,18,N'9231021'),
(1000,19,N'9231028'),
(1000,20,N'9231002'),
(1001,21,N'9212009'),
(1001,22,N'9212016'),
(1001,23,N'9212001'),
(1001,24,N'9212008'),
(1001,25,N'9212013'),
(1001,26,N'9212006'),
(1001,27,N'9212004'),
(1001,28,N'9212020'),
(1001,29,N'9212010'),
(1001,30,N'9212014'),
(1001,31,N'9212012'),
(1001,32,N'9212011'),
(1001,33,N'9212019'),
(1001,34,N'9212003'),
(1001,35,N'9212018'),
(1001,36,N'9212007'),
(1001,37,N'9212015'),
(1001,38,N'9212002'),
(1001,39,N'9212017'),
(1001,40,N'9212005'),
(1000,41,N'9231017'),
(1000,42,N'9231004'),
(1000,43,N'9231012'),
(1000,44,N'9231020'),
(1000,45,N'9231007'),
(1000,46,N'9231019'),
(1000,47,N'9231011'),
(1000,48,N'9231003'),
(1000,49,N'9231026'),
(1000,50,N'9231014'),
(1002,51,N'9226013'),
(1002,52,N'9226015'),
(1002,53,N'9226019'),
(1002,54,N'9226003'),
(1002,55,N'9226024'),
(1002,56,N'9226014'),
(1002,57,N'9226008'),
(1002,58,N'9226010'),
(1002,59,N'9226005'),
(1002,60,N'9226018'),
(1002,61,N'9226001'),
(1002,62,N'9226016'),
(1002,63,N'9226017'),
(1002,64,N'9226002'),
(1002,65,N'9226009'),
(1002,66,N'9226012'),
(1002,67,N'9226025'),
(1002,68,N'9226023'),
(1002,69,N'9226021'),
(1002,70,N'9226004'),
(1002,71,N'9226020'),
(1002,72,N'9226022'),
(1002,73,N'9226011'),
(1002,74,N'9226006'),
(1002,75,N'9226007'),
(1003,76,N'9217013'),
(1003,77,N'9217006'),
(1003,78,N'9217005'),
(1003,79,N'9217011'),
(1003,80,N'9217015'),
(1003,81,N'9217012'),
(1003,82,N'9217007'),
(1003,83,N'9217010'),
(1003,84,N'9217002'),
(1003,85,N'9217014'),
(1003,86,N'9217009'),
(1003,87,N'9217001'),
(1003,88,N'9217003'),
(1003,89,N'9217004'),
(1003,90,N'9217008');

insert into users(national_code,name_fa,name_en,father_name,birth_date,mobile)values
('9738859065',N'عباس-رستمی',N'abbas-Rostami',N'حسين',N'1349/11/21',N'09967513400'),
('3024641054',N'عباس-باقرینژاد',N'abbas-Bagherinezhad',N'محمد',N'1350/04/25',N'09989393354'),
('9122447368',N'مجید-عباسی',N'majid-Abbasi',N'مندني',N'1352/10/25',N'09973391432'),
('6825225184',N'حسن-بامری',N'hasan-Bamari',N'حسين',N'1347/04/19',N'09381553708'),
('3795148131',N'ابوالفضل-علیلو',N'abolfazl-Aliloo',N'يحيي',N'1340/01/15',N'09972964000'),
('9248312134',N'محمد-نوائی',N'mohammad-Navaeei',N'حسين',N'1338/06/16',N'09113890190'),
('5084710430',N'علیرضا-مرادی',N'alireza-Moradi',N'عليكرم',N'1322/01/01',N'09921210974'),
('6343392956',N'علیرضا-حسنزاده',N'alireza-Hassanzadeh',N'حیاتقلی',N'1352/10/03',N'09082005573'),
('5874260383',N'حمید-آخوندی',N'hamid-Akhundi',N'قاسم',N'1354/04/14',N'09960123300'),
('9843406062',N'حسن-رضایی',N'hasan-Rezaei',N'حسين',N'1352/04/05',N'09932085747');

insert into teacher(userid,professor_no,departmentid,teacherlevelid)values
(91,'31001',1000,1000),
(92,'31002',1000,1000),
(93,'31003',1001,1001),
(94,'31004',1002,1002),
(95,'12001',1003,1002),
(96,'12002',1003,1001),
(97,'26001',1004,1000),
(98,'26002',1004,1002),
(99,'17001',1005,1000),
(100,'17002',1006,1001);

insert into courses(id,course_name,teacherid,year)values
(31000001,N'طراحي الگوريتم‌ها',1,1401),
(31000002,N'جبر خطي کاربردي',1,1401),
(31000003,N'مباني هوش محاسباتي',1,1401),
(31000004,N'رياضيات گسسته',1,1401),
(31000005,N'بازيابي اطلاعات',1,1401),
(31000006,N'شبکه‌هاي کامپيوتري',2,1401),
(31000007,N'داده کاوي',2,1401),
(31000008,N'مهندسي نرم‌افزار ',3,1401),
(31000009,N'اصول طراحي پايگاه داده‌ها',3,1401),
(31000010,N'نظريه ‌زبان‌ها و ماشين‌ها',3,1401),
(31000011,N'سيستم‌هاي عامل',4,1401),
(31000012,N'مدارهاي منطقي',4,1401),
(31000013,N'ساختمان داده‌ها ',4,1401),
(12000001,N'اصول شبیه سازی',5,1401),
(12000002,N'برنامه ریزی تولید',5,1401),
(12000003,N'اصول بازاريابي',5,1401),
(12000004,N'مديريت مالي',5,1401),
(12000005,N'اقتصاد مهندسی',6,1401),
(12000006,N'مديريت كيفيت و بهره وري',6,1401),
(26000001,N'مبانی مهندسی برق',7,1401),
(26000002,N'سیستم‌های دیجیتال',7,1401),
(26000003,N'الکترومغناطیس',7,1401),
(26000004,N'سیستم‌های کنترل خطی',8,1401),
(26000005,N'الکترونیک ۱',8,1401),
(17000001,N'انتقال جرم',9,1401),
(17000002,N'مکانیک سیالات ۱',9,1401),
(17000003,N'عملیات واحد ۱',9,1401),
(17000004,N'طرح و اقتصادکارخانه',10,1401),
(17000005,N'موازنه انرژی ومواد',10,1401),
(17000006,N'مکانیک سیالات ۱',10,1401);

insert into classrooms(courseid,studentid)values
(31000010,44),
(31000010,43),
(17000005,89),
(12000005,36),
(31000005,15),
(26000003,51),
(31000002,2),
(26000003,66),
(12000004,29),
(31000007,5),
(31000004,16),
(26000003,60),
(31000004,4),
(17000004,89),
(17000004,79),
(31000009,1),
(31000009,12),
(31000006,5),
(31000004,43),
(31000011,19),
(26000003,54),
(26000003,73),
(17000003,77),
(31000003,15),
(31000008,47),
(31000011,16),
(31000004,2),
(31000013,6),
(31000007,50),
(31000011,48),
(31000005,13),
(26000001,63),
(31000002,3),
(17000004,90),
(26000005,61),
(12000004,25),
(26000003,65),
(31000009,20),
(26000003,71),
(12000003,38),
(17000001,87),
(12000002,28),
(31000008,6),
(12000003,34),
(26000005,60),
(31000007,10),
(31000010,13),
(31000011,7),
(12000006,28),
(12000001,37),
(31000013,4),
(31000012,12),
(31000013,7),
(12000003,24),
(31000001,50),
(31000004,15),
(12000005,23),
(12000001,33),
(26000002,65),
(17000003,83),
(31000011,8),
(31000009,13),
(31000012,49),
(31000005,14),
(31000013,20),
(31000006,11),
(26000002,75),
(26000002,62),
(12000001,40),
(17000004,77),
(26000004,72),
(12000005,32),
(31000009,2),
(31000004,20),
(17000004,85),
(31000008,1),
(12000003,30),
(26000004,71),
(31000008,41),
(31000013,48),
(31000001,49),
(17000006,77),
(31000003,45),
(31000011,4),
(31000005,41),
(31000004,46),
(12000006,36),
(31000004,44),
(26000001,68),
(26000001,58),
(31000002,4),
(31000001,4),
(26000002,60),
(12000004,26),
(31000001,17),
(31000001,18),
(12000001,25),
(31000010,42),
(31000005,48),
(12000001,38),
(31000013,42),
(17000006,89),
(31000002,45),
(17000001,90),
(31000001,42),
(31000009,3),
(17000004,87),
(31000007,11),
(26000002,57),
(31000001,8),
(17000002,82),
(26000005,67),
(31000007,46),
(31000004,48),
(31000001,44),
(31000011,20),
(31000002,9),
(12000001,36),
(31000011,6),
(12000002,35),
(31000009,15),
(12000004,35),
(31000008,19),
(31000004,19),
(31000004,45),
(31000010,16),
(31000010,50),
(17000004,81),
(31000010,6),
(31000007,12),
(12000006,26),
(31000007,14),
(17000004,76),
(17000002,83),
(31000008,43),
(31000008,9),
(17000002,90),
(17000006,90),
(31000006,47),
(12000003,35),
(31000013,11),
(31000009,10),
(12000001,24),
(31000001,47),
(31000013,14),
(26000004,65),
(12000004,32),
(12000004,24),
(26000001,53),
(31000005,49),
(31000008,50),
(26000004,53),
(12000004,28),
(31000010,19),
(17000003,81),
(26000002,68),
(31000001,16),
(31000002,14),
(31000005,19),
(31000004,3),
(26000005,66),
(31000003,10),
(12000005,27),
(17000004,78),
(31000002,5),
(31000013,41),
(26000003,62),
(12000004,21),
(31000011,47),
(26000003,64),
(31000004,49),
(31000001,14),
(31000012,50),
(26000005,58),
(31000002,10),
(12000006,30),
(31000006,46),
(12000003,28),
(31000003,44),
(12000005,39),
(31000003,42),
(26000002,54),
(12000006,31),
(12000006,24),
(31000008,7),
(31000008,20),
(31000012,7),
(26000003,57),
(31000009,50),
(12000004,40),
(31000012,5),
(17000001,82),
(17000001,89),
(31000012,19),
(17000006,78),
(31000012,8),
(26000005,53),
(31000010,3),
(31000006,17),
(31000007,43),
(26000001,67),
(31000009,7),
(12000005,38),
(26000004,61),
(31000012,47),
(26000003,53),
(17000002,81),
(31000005,3),
(26000001,70),
(17000006,82),
(31000001,48),
(31000012,44),
(31000003,5),
(31000013,18),
(31000001,11),
(31000008,44),
(31000010,17),
(31000008,16),
(31000005,20),
(31000008,46),
(31000009,41),
(12000004,31),
(31000007,44),
(26000003,69),
(31000012,15),
(31000009,42),
(31000011,45),
(31000008,4),
(12000004,39),
(31000007,42),
(26000004,63),
(12000002,23),
(26000004,54),
(17000001,79),
(12000001,39),
(12000002,39),
(31000003,8),
(31000009,8),
(31000003,48),
(26000002,56),
(31000006,42),
(26000002,71),
(17000003,80),
(31000011,42),
(17000006,85),
(31000008,2),
(31000010,7),
(31000010,47),
(31000003,11),
(26000002,58),
(31000013,47),
(12000004,36),
(26000005,52),
(31000012,4),
(31000008,49),
(31000007,13),
(31000002,15),
(31000004,9),
(31000008,14),
(17000003,76),
(31000005,6),
(31000001,41),
(31000002,19),
(26000004,64),
(31000001,13),
(31000007,8),
(31000004,17),
(12000006,38),
(26000005,64),
(31000005,17),
(31000005,50),
(12000006,35),
(31000012,9),
(31000006,50),
(26000003,55),
(31000011,13),
(31000010,48),
(31000005,42),
(12000001,22),
(17000006,81),
(17000005,85),
(26000005,62),
(31000008,11),
(31000001,3),
(12000005,33),
(31000006,45),
(31000002,8),
(12000003,23),
(31000004,50),
(12000003,26),
(31000001,12),
(31000013,8),
(17000003,82),
(31000008,13),
(12000002,31),
(26000002,67),
(31000010,14),
(17000002,80),
(31000011,18),
(17000002,89),
(31000009,9),
(31000003,6),
(31000004,42),
(17000002,77),
(31000012,45),
(31000006,10),
(26000001,57),
(31000011,14),
(31000008,3),
(31000004,8),
(26000005,74),
(31000005,46),
(26000002,69),
(31000012,16),
(26000005,72),
(31000011,46),
(31000009,17),
(31000007,7),
(31000005,10),
(31000008,42),
(31000007,17),
(31000002,7),
(12000003,37),
(17000002,76),
(17000001,83),
(26000003,58),
(31000006,1);
